{"cameraMode":{"drawMode":0,"name":"Shaded","section":"Shading Mode"},"sceneLighting":true,"audioPlay":false,"sceneViewState":{"showFog":true,"showMaterialUpdate":false,"showSkybox":true,"showFlares":true,"showImageEffects":true,"showParticleSystems":true},"in2DMode":false,"pivot":{"x":1.234952688217163,"y":4.734288692474365,"z":-3.882993698120117},"rotation":{"x":0.025546889752149583,"y":-0.35354921221733096,"z":0.009658773429691792,"w":0.9350171685218811},"size":3.025463581085205,"orthographic":false}