{"cameraMode":{"drawMode":0,"name":"Shaded","section":"Shading Mode"},"sceneLighting":false,"audioPlay":false,"sceneViewState":{"showFog":true,"showMaterialUpdate":false,"showSkybox":false,"showFlares":true,"showImageEffects":true,"showParticleSystems":true},"in2DMode":false,"pivot":{"x":1.7881393432617188e-7,"y":0.9077178239822388,"z":5.960464477539063e-8},"rotation":{"x":-0.21627825498580934,"y":0.10578694194555283,"z":-0.023578587919473649,"w":-0.9702973365783691},"size":4.984175682067871,"orthographic":false}